id,name,team,position,age,height_cm,total_points,avg_per_match,attack_pts,attack_eff,attack_avg,block_pts,block_eff,block_avg,serve_pts,serve_eff,serve_avg
114422,Robertlandy Simon Aties,CUBA,CENTRAL,39,208,80,10.00,55,67.07%,6.88,20,24.69%,2.50,5,4.31%,0.62
114957,Tine Urnaut,ESLOVENIA,PUNTA RECEPTOR,38,200,60,5.45,56,37.84%,5.09,2,6.25%,0.18,2,2.22%,0.18
114962,Alen Pajenk,ESLOVENIA,CENTRAL,40,203,64,4.27,47,65.28%,3.13,12,15.38%,0.80,5,4.27%,0.33
117457,Luciano De Cecco,-,ARMADOR,38,194,11,1.38,4,100%,0.50,4,26.67%,0.50,3,3.80%,0.38
118893,Matthew Anderson,ESTADOS UNIDOS,PUNTA RECEPTOR,39,202,197,13.13,165,50.93%,11.00,16,17.98%,1.07,16,8.21%,1.07
119437,Matthias Valkiers,BÉLGICA,ARMADOR,36,195,5,0.42,4,44.44%,0.33,0,0.00%,0.00,1,0.97%,0.08
119454,Seppe Baetens,BÉLGICA,PUNTA RECEPTOR,37,191,20,1.67,15,34.88%,1.25,2,13.33%,0.17,3,5.08%,0.25
119646,Wilfredo Leon Venero,POLONIA,PUNTA RECEPTOR,33,201,129,14.33,97,53.30%,10.78,13,35.14%,1.44,19,14.62%,2.11
119732,Erik Shoji,ESTADOS UNIDOS,LÍBERO,37,184,0,0.00,0,-,-,0,-,-,0,0.00%,0.00
124286,Stijn D'Hulst,BÉLGICA,ARMADOR,35,187,2,0.50,0,0.00%,0.00,0,0.00%,0.00,2,2.94%,0.50
124439,Daoshuai Ji,CHINA,PUNTA RECEPTOR,34,194,2,0.50,2,20.00%,0.50,0,0.00%,0.00,0,0.00%,0.00
124879,Micah Christenson,ESTADOS UNIDOS,ARMADOR,33,198,26,2.36,9,50.00%,0.82,11,15.71%,1.00,6,3.77%,0.55
124911,Nikola Jovović,SERBIA,ARMADOR,34,197,0,0.00,0,-,-,0,0.00%,0.00,0,0.00%,0.00
125047,Martin Ramos,ARGENTINA,CENTRAL,35,197,33,2.75,25,56.82%,2.08,6,9.68%,0.50,2,3.92%,0.17
132361,Yonder Roman Garcia Alvarez,CUBA,LÍBERO,33,175,0,0.00,0,-,-,0,-,-,0,-,-
132948,Trevor Clevenot,-,PUNTA RECEPTOR,32,199,93,11.62,82,46.07%,10.25,9,21.43%,1.12,2,2.00%,0.25
135349,Franco Massimino,ARGENTINA,LÍBERO,38,177,0,0.00,0,-,-,0,-,-,0,-,-
135890,Martijn Colson,BÉLGICA,CENTRAL,32,203,10,2.50,7,50.00%,1.75,3,16.67%,0.75,0,0.00%,0.00
136441,Ruben Schott,-,LÍBERO,32,193,0,0.00,0,-,-,0,-,-,0,0.00%,0.00
136442,Jan Zimmermann,ALEMANIA,ARMADOR,33,190,13,1.08,3,18.75%,0.25,5,10.42%,0.42,5,3.52%,0.42
136468,Ricardo Lucarelli Souza,BRASIL,PUNTA RECEPTOR,34,196,88,8.00,69,44.23%,6.27,12,26.09%,1.09,7,6.93%,0.64
136851,Antoine Brizard,FRANCIA,ARMADOR,32,196,37,3.08,17,51.52%,1.42,9,14.29%,0.75,11,5.47%,0.92
136956,Flavio Resende Gualberto,BRASIL,CENTRAL,33,199,82,7.45,59,57.84%,5.36,21,19.81%,1.91,2,1.71%,0.18
137102,David Fiel Rodriguez,-,CENTRAL,33,205,27,6.75,21,60.00%,5.25,5,16.13%,1.25,1,3.45%,0.25
139254,Torey Defalco,ESTADOS UNIDOS,PUNTA RECEPTOR,29,198,63,6.30,46,42.59%,4.60,7,21.88%,0.70,10,12.20%,1.00
139386,Moritz Reichert,ALEMANIA,PUNTA RECEPTOR,31,194,73,6.08,61,42.96%,5.08,7,17.50%,0.58,5,5.81%,0.42
139762,Nivaldo Nadhir Dias Gomez,CUBA,PUNTA RECEPTOR,32,202,31,2.58,29,42.65%,2.42,2,13.33%,0.17,0,0.00%,0.00
140042,Danny Demyanenko,-,CENTRAL,32,196,40,10.00,27,62.79%,6.75,11,17.74%,2.75,2,2.94%,0.50
140061,Stephen Timothy Maar,-,PUNTA RECEPTOR,31,201,41,10.25,39,44.83%,9.75,1,3.57%,0.25,1,2.22%,0.25
141282,Pablo Sergio Koukartsev,ARGENTINA,OPUESTO,33,203,36,7.20,32,43.84%,6.40,4,19.05%,0.80,0,0.00%,0.00
142220,Illa Kovalov,UCRANIA,PUNTA RECEPTOR,30,190,120,9.23,103,45.98%,7.92,12,18.18%,0.92,5,5.15%,0.38
142410,Jan Martinez Franchi,ARGENTINA,PUNTA RECEPTOR,28,190,38,3.17,32,35.96%,2.67,4,23.53%,0.33,2,4.35%,0.17
142411,Joaquin Gallego,ARGENTINA,CENTRAL,29,204,26,2.17,18,46.15%,1.50,8,16.00%,0.67,0,0.00%,0.00
142412,Matias Sanchez Pages,ARGENTINA,ARMADOR,29,175,9,0.75,4,50.00%,0.33,0,0.00%,0.00,5,3.76%,0.42
142420,Matias Giraudo,ARGENTINA,ARMADOR,28,196,1,0.12,0,-,-,0,0.00%,0.00,1,6.67%,0.12
142445,Kyle Dagostino,-,LÍBERO,31,175,0,0.00,0,-,-,0,-,-,0,-,-
142561,Kentaro Takahashi,-,CENTRAL,31,201,4,2.00,4,66.67%,2.00,0,0.00%,0.00,0,0.00%,0.00
142562,Motoki Eiro,JAPÓN,ARMADOR,30,192,2,0.13,1,50.00%,0.07,0,0.00%,0.00,1,3.33%,0.07
142565,Taishi Onodera,JAPÓN,CENTRAL,30,202,50,4.55,34,62.96%,3.09,13,18.57%,1.18,3,3.45%,0.27
142568,Yuki Ishikawa,JAPÓN,PUNTA RECEPTOR,30,191,179,12.79,165,51.40%,11.79,6,11.54%,0.43,8,4.91%,0.57
142581,Zhejia Zhang,CHINA,CENTRAL,31,207,43,10.75,33,68.75%,8.25,10,21.28%,2.50,0,0.00%,0.00
142670,Bartlomiej Lemanski,POLONIA,CENTRAL,30,217,125,8.33,73,64.60%,4.87,38,31.15%,2.53,14,8.59%,0.93
142676,Artur Szalpuk,POLONIA,PUNTA RECEPTOR,31,201,53,4.82,39,42.86%,3.55,7,24.14%,0.64,7,8.86%,0.64
142679,Aleksander Sliwka,POLONIA,PUNTA RECEPTOR,31,196,71,4.73,63,42.86%,4.20,6,16.67%,0.40,2,2.63%,0.13
142710,Stephen Boyer,FRANCIA,OPUESTO,30,196,164,13.67,142,44.79%,11.83,17,19.54%,1.42,5,3.42%,0.42
142741,Douglas Correia De Souza,-,PUNTA RECEPTOR,31,199,20,2.50,18,40.00%,2.25,2,25.00%,0.25,0,0.00%,0.00
142744,Fernando Gil Kreling,BRASIL,ARMADOR,30,186,12,1.00,6,60.00%,0.50,4,9.52%,0.33,2,1.23%,0.17
142747,Douglas Pureza,BRASIL,LÍBERO,29,178,0,0.00,0,-,-,0,-,-,0,-,-
142855,Chuan Jiang,CHINA,OPUESTO,32,205,44,3.67,34,42.50%,2.83,10,31.25%,0.83,0,0.00%,0.00
143803,Murat Yenipazar,TURQUÍA,ARMADOR,33,194,27,2.08,13,54.17%,1.00,6,9.52%,0.46,8,4.10%,0.62
143896,Tomas Lopez,-,PUNTA RECEPTOR,31,190,0,0.00,0,-,-,0,-,-,0,0.00%,0.00
143996,Oleh Plotnytskyi,UCRANIA,PUNTA RECEPTOR,29,190,121,13.44,97,41.81%,10.78,7,17.95%,0.78,17,9.94%,1.89
144005,Simone Giannelli,ITALIA,ARMADOR,30,200,16,3.20,10,47.62%,2.00,5,18.52%,1.00,1,1.41%,0.20
144415,Jani Kovačič,-,LÍBERO,34,186,0,0.00,0,-,-,0,-,-,0,0.00%,0.00
146409,Akihiro Yamauchi,JAPÓN,CENTRAL,32,204,48,4.00,36,63.16%,3.00,12,20.00%,1.00,0,0.00%,0.00
146600,Hideomi Fukatsu,JAPÓN,ARMADOR,36,181,7,0.47,1,20.00%,0.07,4,10.26%,0.27,2,0.88%,0.13
147263,Javier Octavio Concepcion Rojas,-,CENTRAL,28,202,30,7.50,21,51.22%,5.25,5,11.90%,1.25,4,7.41%,1.00
147273,Jose Israel Masso Alvarez,CUBA,OPUESTO,28,204,85,10.62,71,48.30%,8.88,6,10.91%,0.75,8,8.42%,1.00
147421,Micah Ma'a,ESTADOS UNIDOS,ARMADOR,29,192,15,1.00,5,71.43%,0.33,6,18.18%,0.40,4,3.36%,0.27
147473,Jordan Ewert,ESTADOS UNIDOS,PUNTA RECEPTOR,29,195,34,3.40,30,43.48%,3.00,4,13.79%,0.40,0,0.00%,0.00
147554,Vitalii Shchytkov,UCRANIA,ARMADOR,34,186,3,0.30,2,66.67%,0.20,1,4.76%,0.10,0,0.00%,0.00
147721,Jeffrey Jendryk II,ESTADOS UNIDOS,CENTRAL,30,208,62,4.13,46,56.79%,3.07,13,14.29%,0.87,3,3.12%,0.20
148120,Taylor Averill,ESTADOS UNIDOS,CENTRAL,34,201,62,4.13,52,66.67%,3.47,7,10.00%,0.47,3,3.03%,0.20
148636,Vasyl Tupchii,UCRANIA,OPUESTO,34,194,168,12.92,137,48.58%,10.54,16,20.78%,1.23,15,8.47%,1.15
149118,Marko Matić,TURQUÍA,CENTRAL,31,211,11,0.85,7,43.75%,0.54,3,18.75%,0.23,1,3.57%,0.08
150382,Nemanja Mašulović,SERBIA,CENTRAL,30,205,21,1.75,11,45.83%,0.92,7,17.50%,0.58,3,4.92%,0.25
150436,Fabio Balaso,ITALIA,LÍBERO,30,178,0,0.00,0,-,-,0,-,-,0,-,-
150741,Bartlomiej Boladz,POLONIA,OPUESTO,31,204,184,16.73,154,55.60%,14.00,21,24.71%,1.91,9,6.98%,0.82
151390,Tonček Štern,-,OPUESTO,30,200,113,16.14,96,52.46%,13.71,8,17.39%,1.14,9,9.18%,1.29
151391,Jan Kozamernik,ESLOVENIA,CENTRAL,30,204,86,5.73,54,52.43%,3.60,28,20.29%,1.87,4,1.90%,0.27
151404,Sašo Štalekar,ESLOVENIA,CENTRAL,30,214,53,3.53,37,62.71%,2.47,15,15.62%,1.00,1,1.61%,0.07
151817,Miguel Angel Lopez Castro,CUBA,PUNTA RECEPTOR,29,189,113,14.12,98,47.34%,12.25,6,12.00%,0.75,9,7.14%,1.12
151871,Arthur Szwarc,CANADÁ,OPUESTO,31,209,13,3.25,12,50.00%,3.00,0,0.00%,0.00,1,4.76%,0.25
152349,Tobias Krick,ALEMANIA,CENTRAL,27,210,73,6.08,60,68.97%,5.00,13,15.66%,1.08,0,0.00%,0.00
152370,Riccardo Sbertoli,ITALIA,ARMADOR,28,188,6,0.67,1,50.00%,0.11,2,11.76%,0.22,3,5.26%,0.33
152405,Roberto Russo,ITALIA,CENTRAL,29,207,0,-,0,-,-,0,-,-,0,-,-
152408,Gianluca Galassi,ITALIA,CENTRAL,29,201,16,1.78,14,77.78%,1.56,2,10.53%,0.22,0,0.00%,0.00
152506,Benjamin Diez,FRANCIA,LÍBERO,28,183,0,0.00,0,-,-,0,-,-,0,-,-
152518,Yuantai Yu,CHINA,PUNTA RECEPTOR,28,186,71,6.45,58,40.28%,5.27,9,20.00%,0.82,4,4.21%,0.36
152537,Adis Lagumdzija,TURQUÍA,OPUESTO,27,211,240,18.46,197,45.71%,15.15,24,26.97%,1.85,19,10.44%,1.46
152547,Berkay Bayraktar,TURQUÍA,LÍBERO,28,190,0,0.00,0,-,-,0,-,-,0,-,-
152619,Aleks Grozdanov,BULGARIA,CENTRAL,28,208,86,7.17,55,58.51%,4.58,27,21.77%,2.25,4,2.50%,0.33
152692,Agustin Loser,ARGENTINA,CENTRAL,28,198,60,7.50,38,58.46%,4.75,20,23.53%,2.50,2,2.13%,0.25
152713,Tim Peter,ALEMANIA,PUNTA RECEPTOR,29,197,5,0.42,1,100%,0.08,0,-,-,4,7.02%,0.33
152742,Morteza Sharifi,IRÁN,PUNTA RECEPTOR,27,193,115,9.58,103,46.40%,8.58,6,11.32%,0.50,6,4.23%,0.50
152752,Amirhossein Esfandiar,-,PUNTA RECEPTOR,27,209,0,0.00,0,-,-,0,-,-,0,0.00%,0.00
152753,Ali Ramezani,-,ARMADOR,28,200,0,0.00,0,-,-,0,-,-,0,-,-
152845,Gabriel Garcia,ESTADOS UNIDOS,OPUESTO,27,200,0,0.00,0,-,-,0,-,-,0,0.00%,0.00
152866,Tomasz Fornal,POLONIA,PUNTA RECEPTOR,29,200,61,8.71,44,47.31%,6.29,6,14.29%,0.86,11,12.94%,1.57
153050,Ignacio Luengas,-,PUNTA RECEPTOR,30,197,0,0.00,0,0.00%,0.00,0,-,-,0,-,-
153200,Daniele Lavia,ITALIA,PUNTA RECEPTOR,26,200,44,4.89,35,35.71%,3.89,8,25.81%,0.89,1,1.47%,0.11
153369,Muhammed Kaya,-,ARMADOR,31,201,1,0.25,1,100%,0.25,0,-,-,0,0.00%,0.00
153387,Jan Firlej,POLONIA,ARMADOR,29,188,7,0.64,2,40.00%,0.18,2,7.69%,0.18,3,3.41%,0.27
153388,Jakub Popiwczak,POLONIA,LÍBERO,30,180,0,0.00,0,-,-,0,-,-,0,-,-
153389,Marcin Komenda,POLONIA,ARMADOR,30,198,17,1.55,1,16.67%,0.09,14,22.95%,1.27,2,1.23%,0.18
153395,Kamil Semeniuk,POLONIA,PUNTA RECEPTOR,30,195,51,7.29,43,53.09%,6.14,6,42.86%,0.86,2,4.35%,0.29
154918,Maksym Drozd,UCRANIA,CENTRAL,35,208,4,0.44,4,36.36%,0.44,0,0.00%,0.00,0,0.00%,0.00
156676,Martin Atanasov,BULGARIA,PUNTA RECEPTOR,29,196,65,5.42,52,45.22%,4.33,7,21.88%,0.58,6,5.36%,0.50
157065,Oleksandr Nalozhnyi,-,PUNTA RECEPTOR,30,196,3,0.43,3,75.00%,0.43,0,-,-,0,0.00%,0.00
157309,Julio Cesar Cardenas Morales,CUBA,PUNTA RECEPTOR,26,200,37,3.08,30,42.86%,2.50,5,26.32%,0.42,2,4.88%,0.17
157317,Julio Alberto Gomez Galves,CUBA,ARMADOR,27,194,7,0.58,1,33.33%,0.08,0,0.00%,0.00,6,7.23%,0.50
157318,Marlon Yant Herrera,CUBA,PUNTA RECEPTOR,25,204,124,15.50,98,45.79%,12.25,14,26.42%,1.75,12,10.08%,1.50
157321,Sharone Vernon-Evans,-,OPUESTO,28,206,69,8.62,58,44.27%,7.25,5,10.42%,0.62,6,9.09%,0.75
157322,Daenan Gyimah,CANADÁ,CENTRAL,28,200,16,8.00,12,75.00%,6.00,4,16.00%,2.00,0,0.00%,0.00
157324,Pearson Eshenko,CANADÁ,CENTRAL,28,204,42,3.50,32,60.38%,2.67,7,12.50%,0.58,3,3.61%,0.25
157327,Eric Loeppky,-,PUNTA RECEPTOR,28,197,64,16.00,55,39.57%,13.75,5,16.13%,1.25,4,5.00%,1.00
157353,Victor Ramon Andreu Flores,-,PUNTA RECEPTOR,25,188,6,1.50,5,41.67%,1.25,0,0.00%,0.00,1,11.11%,0.25
157359,Lazaro Yudiel Arrechea Najarro,CUBA,LÍBERO,26,190,0,0.00,0,-,-,0,-,-,0,-,-
157588,Max Elgert,CANADÁ,ARMADOR,28,191,6,0.50,2,28.57%,0.17,2,6.45%,0.17,2,2.47%,0.17
157872,Rok Bračko,ESLOVENIA,PUNTA RECEPTOR,22,194,41,2.73,31,39.74%,2.07,2,15.38%,0.13,8,10.53%,0.53
158881,Kamil Rychlicki,-,OPUESTO,29,204,72,9.00,59,44.36%,7.38,7,25.00%,0.88,6,9.84%,0.75
158933,Yurii Synytsia,UCRANIA,ARMADOR,33,194,23,1.77,6,54.55%,0.46,11,18.33%,0.85,6,4.35%,0.46
159747,Michael Marshman,ESTADOS UNIDOS,CENTRAL,32,201,0,-,0,-,-,0,-,-,0,-,-
160142,Michiel Fransen,BÉLGICA,PUNTA RECEPTOR,23,202,5,0.42,5,45.45%,0.42,0,0.00%,0.00,0,0.00%,0.00
160148,Simon Plaskie,BÉLGICA,PUNTA RECEPTOR,25,193,80,6.67,68,44.74%,5.67,1,3.23%,0.08,11,10.58%,0.92
160149,Seppe Rotty,BÉLGICA,PUNTA RECEPTOR,25,190,70,6.36,60,40.27%,5.45,9,21.43%,0.82,1,1.37%,0.09
160487,Lennert Van Elsen,-,CENTRAL,25,203,6,1.50,4,36.36%,1.00,2,14.29%,0.50,0,0.00%,0.00
161930,Henrique Dantas Nóbrega Honorato,BRASIL,PUNTA RECEPTOR,29,190,27,2.25,21,47.73%,1.75,4,25.00%,0.33,2,3.03%,0.17
161933,Lucas Adriano Araújo Barreto,BRASIL,CENTRAL,29,207,5,0.71,3,75.00%,0.43,2,40.00%,0.29,0,0.00%,0.00
161939,Maique Reis Nascimento,BRASIL,LÍBERO,29,187,0,0.00,0,-,-,0,-,-,0,-,-
161942,Matheus Silva Gonçalves,BRASIL,ARMADOR,29,185,0,0.00,0,-,-,0,0.00%,0.00,0,0.00%,0.00
162081,Anton Brehme,ALEMANIA,CENTRAL,27,206,45,11.25,33,63.46%,8.25,9,20.93%,2.25,3,6.67%,0.75
162122,Miran Kujundžić,SERBIA,PUNTA RECEPTOR,29,196,3,0.75,3,30.00%,0.75,0,0.00%,0.00,0,0.00%,0.00
162520,Yuri Romanò,ITALIA,OPUESTO,29,201,60,12.00,54,60.00%,10.80,3,14.29%,0.60,3,5.36%,0.60
162543,Nicolas Zerba,ARGENTINA,CENTRAL,27,203,69,5.75,50,56.18%,4.17,18,18.95%,1.50,1,0.99%,0.08
162546,Luciano Palonsky,ARGENTINA,PUNTA RECEPTOR,27,198,34,3.40,34,41.46%,3.40,0,0.00%,0.00,0,0.00%,0.00
162788,Eric Burggräf,ALEMANIA,ARMADOR,27,184,3,0.25,2,50.00%,0.17,0,0.00%,0.00,1,1.96%,0.08
162790,Florian Krage-Brewitz,ALEMANIA,CENTRAL,29,203,28,3.50,21,52.50%,2.62,6,14.63%,0.75,1,2.17%,0.12
163028,Lorenzo Cortesia,-,CENTRAL,27,198,12,3.00,9,42.86%,2.25,2,14.29%,0.50,1,5.26%,0.25
163030,Giovannimaria Gargiulo,-,CENTRAL,27,200,10,2.50,6,60.00%,1.50,3,15.79%,0.75,1,3.70%,0.25
163038,Kento Miyaura,JAPÓN,OPUESTO,27,190,128,8.53,122,55.20%,8.13,3,7.14%,0.20,3,2.73%,0.20
163087,Szymon Jakubiszak,POLONIA,CENTRAL,28,210,95,6.33,76,63.87%,5.07,18,17.48%,1.20,1,0.61%,0.07
163176,Mohammadreza Hazratpourtalatappeh,IRÁN,LÍBERO,27,187,0,0.00,0,-,-,0,-,-,0,-,-
163309,Théo Faure,FRANCIA,OPUESTO,26,202,16,4.00,15,46.88%,3.75,1,11.11%,0.25,0,0.00%,0.00
163447,Mattia Bottolo,ITALIA,PUNTA RECEPTOR,26,196,169,13.00,144,49.32%,11.08,14,23.73%,1.08,11,7.14%,0.85
163516,Tatsunori Otsuka,JAPÓN,PUNTA RECEPTOR,25,195,52,3.71,49,43.75%,3.50,1,3.57%,0.07,2,2.02%,0.14
163519,Yuji Nishida,JAPÓN,OPUESTO,26,187,142,10.92,122,45.52%,9.38,10,13.89%,0.77,10,6.85%,0.77
163555,Luciano Vicentin,ARGENTINA,PUNTA RECEPTOR,26,197,185,15.42,157,48.91%,13.08,13,18.57%,1.08,15,7.50%,1.25
163563,Filip John,-,OPUESTO,25,204,70,8.75,65,46.76%,8.12,2,8.70%,0.25,3,4.92%,0.38
163592,Tobias Brand,ALEMANIA,PUNTA RECEPTOR,28,194,138,11.50,118,43.70%,9.83,9,16.67%,0.75,11,6.51%,0.92
164029,Luca Ramon,FRANCIA,LÍBERO,26,186,0,0.00,0,-,-,0,-,-,0,-,-
164031,François Huetz,FRANCIA,CENTRAL,26,202,57,4.75,38,67.86%,3.17,16,21.62%,1.33,3,4.11%,0.25
164088,Ertuğrul Gazi Metin,-,CENTRAL,30,204,1,1.00,0,-,-,0,-,-,1,33.33%,1.00
164124,Mateusz Poreba,-,CENTRAL,27,205,10,2.50,7,100%,1.75,2,16.67%,0.50,1,8.33%,0.25
164125,Bartosz Firszt,-,PUNTA RECEPTOR,27,198,23,5.75,20,40.00%,5.00,1,9.09%,0.25,2,8.70%,0.50
164146,Ahmet Samet Baltaci,TURQUÍA,CENTRAL,27,210,6,0.46,3,60.00%,0.23,3,23.08%,0.23,0,0.00%,0.00
164158,Ahmet Tümer,TURQUÍA,CENTRAL,24,204,104,8.00,78,63.93%,6.00,19,15.45%,1.46,7,4.49%,0.54
164160,Kaan Gürbüz,TURQUÍA,OPUESTO,25,200,37,2.85,29,51.79%,2.23,2,10.53%,0.15,6,11.32%,0.46
164163,Bedirhan Bülbül,TURQUÍA,CENTRAL,27,201,119,9.92,76,54.29%,6.33,41,28.67%,3.42,2,1.14%,0.17
164313,Matheus Bispo dos Santos,BRASIL,CENTRAL,30,207,48,4.36,36,61.02%,3.27,10,17.86%,0.91,2,3.57%,0.18
164897,Simon Valentin Torwie,ALEMANIA,CENTRAL,24,203,64,5.33,37,53.62%,3.08,18,18.75%,1.50,9,7.96%,0.75
164913,Klemen Sen,ESLOVENIA,PUNTA RECEPTOR,24,192,38,2.53,27,42.19%,1.80,6,18.75%,0.40,5,7.58%,0.33
164985,Aleksandar Nedeljković,SERBIA,CENTRAL,28,205,100,8.33,70,58.82%,5.83,23,17.97%,1.92,7,4.64%,0.58
165212,Luke Herr,CANADÁ,ARMADOR,32,192,10,0.83,2,66.67%,0.17,8,14.55%,0.67,0,0.00%,0.00
165921,Noa Duflos Rossi,FRANCIA,PUNTA RECEPTOR,19,198,13,1.08,11,35.48%,0.92,0,0.00%,0.00,2,2.90%,0.17
165953,Mikolaj Sawicki,-,PUNTA RECEPTOR,26,198,2,0.50,0,-,-,0,-,-,2,12.50%,0.50
167803,Zhai Wu,CHINA,ARMADOR,28,189,0,0.00,0,-,-,0,0.00%,0.00,0,0.00%,0.00
168175,Shikun Peng,CHINA,CENTRAL,26,208,85,6.54,58,50.00%,4.46,14,12.61%,1.08,13,8.18%,1.00
168268,Iliya Petkov,BULGARIA,CENTRAL,29,202,63,5.25,41,57.75%,3.42,13,17.33%,1.08,9,8.49%,0.75
168269,Asparuh Asparuhov,BULGARIA,PUNTA RECEPTOR,26,200,135,11.25,106,50.72%,8.83,12,17.65%,1.00,17,10.18%,1.42
168412,Christian Manuel Thondike Mejias,CUBA,ARMADOR,25,190,34,2.83,15,55.56%,1.25,18,25.35%,1.50,1,0.95%,0.08
168418,Alejandro Miguel Gonzalez Rodriguez,CUBA,OPUESTO,23,207,60,5.00,51,42.15%,4.25,8,30.77%,0.67,1,2.56%,0.08
168461,Mason Briggs,ESTADOS UNIDOS,LÍBERO,25,182,0,0.00,0,-,-,0,-,-,0,0.00%,0.00
168562,Ali Hajipour MoghadDam FaroUji,IRÁN,OPUESTO,25,198,185,16.82,154,54.23%,14.00,21,27.63%,1.91,10,6.90%,0.91
168715,Uroš Planinšič,ESLOVENIA,ARMADOR,28,185,25,1.67,0,0.00%,0.00,14,14.58%,0.93,11,4.91%,0.73
168718,Beytullah Hatipoglu,-,LÍBERO,34,190,0,0.00,0,-,-,0,-,-,0,-,-
168747,Rok Možič,ESLOVENIA,PUNTA RECEPTOR,24,200,221,14.73,184,57.50%,12.27,26,24.07%,1.73,11,7.05%,0.73
168914,Brodie Hofer,CANADÁ,PUNTA RECEPTOR,26,199,39,3.25,31,40.26%,2.58,5,22.73%,0.42,3,4.17%,0.25
168918,Xander Ketrzynski,CANADÁ,OPUESTO,26,208,135,11.25,121,48.21%,10.08,9,13.43%,0.75,5,4.85%,0.42
168923,Landon Currie,-,LÍBERO,26,175,0,0.00,0,-,-,0,-,-,0,-,-
169299,Lei Li,CHINA,PUNTA RECEPTOR,25,201,47,3.62,42,42.00%,3.23,4,16.67%,0.31,1,2.17%,0.08
169310,Bin Wang,CHINA,PUNTA RECEPTOR,25,195,154,11.85,133,46.50%,10.23,11,17.74%,0.85,10,7.35%,0.77
169578,Jackson Howe,CANADÁ,CENTRAL,28,198,135,11.25,83,64.34%,6.92,45,23.68%,3.75,7,4.17%,0.58
169728,Merrick McHenry,ESTADOS UNIDOS,CENTRAL,25,200,86,6.14,60,57.69%,4.29,26,16.67%,1.86,0,0.00%,0.00
169859,Matthew Knigge,ESTADOS UNIDOS,CENTRAL,30,201,8,0.80,7,70.00%,0.70,0,0.00%,0.00,1,7.14%,0.10
170104,Jake Hanes,ESTADOS UNIDOS,OPUESTO,28,210,223,14.87,179,55.25%,11.93,18,14.63%,1.20,26,15.03%,1.73
171595,Aliaksei Nasevich,-,OPUESTO,23,200,44,7.33,40,50.63%,6.67,2,8.00%,0.33,2,5.56%,0.33
172893,Tomohiro Yamamoto,JAPÓN,LÍBERO,31,171,0,0.00,0,-,-,0,-,-,0,-,-
172961,Paolo Porro,-,ARMADOR,24,185,11,1.38,3,60.00%,0.38,3,10.71%,0.38,5,6.10%,0.62
172988,Wout D'heer,BÉLGICA,CENTRAL,25,203,67,5.58,46,61.33%,3.83,20,20.20%,1.67,1,0.92%,0.08
172989,Samuel Fafchamps,BÉLGICA,CENTRAL,25,202,74,6.17,52,56.52%,4.33,18,16.98%,1.50,4,3.10%,0.33
173249,Aleksa Batak,SERBIA,ARMADOR,26,198,15,1.25,7,43.75%,0.58,7,8.97%,0.58,1,0.86%,0.08
173250,Vuk Todorović,SERBIA,ARMADOR,28,190,2,0.25,1,100%,0.12,1,20.00%,0.12,0,0.00%,0.00
173251,Pavle Perić,SERBIA,PUNTA RECEPTOR,28,207,83,6.92,71,34.80%,5.92,10,24.39%,0.83,2,2.13%,0.17
173256,Stefan Negic,SERBIA,LÍBERO,26,180,0,0.00,0,-,-,0,-,-,0,-,-
174074,Leandro Ausibio Mosca,-,CENTRAL,26,210,11,1.38,8,57.14%,1.00,3,21.43%,0.38,0,0.00%,0.00
174076,Giovanni Sanguinetti,ITALIA,CENTRAL,26,203,100,7.69,73,56.59%,5.62,16,15.24%,1.23,11,8.27%,0.85
174158,Zongshuai Qu,CHINA,LÍBERO,27,186,0,0.00,0,-,-,0,-,-,0,-,-
174213,Efe Bayram,TURQUÍA,PUNTA RECEPTOR,24,194,111,8.54,89,41.40%,6.85,16,24.24%,1.23,6,3.33%,0.46
174256,Yurii Semeniuk,UCRANIA,CENTRAL,32,210,129,9.92,85,58.22%,6.54,31,20.95%,2.38,13,7.74%,1.00
174297,Hebin Wang,CHINA,ARMADOR,27,188,19,1.46,2,40.00%,0.15,11,19.64%,0.85,6,3.53%,0.46
174373,Mohammad Valizadeh,IRÁN,CENTRAL,25,204,71,6.45,53,51.96%,4.82,16,16.00%,1.45,2,1.40%,0.18
174460,Damyan Kolev,BULGARIA,LÍBERO,24,176,0,0.00,0,-,-,0,-,-,0,-,-
174462,Rusi Zhelev,BULGARIA,PUNTA RECEPTOR,24,197,0,0.00,0,-,-,0,-,-,0,-,-
174484,Georgi Tatarov,-,PUNTA RECEPTOR,23,198,1,0.25,1,33.33%,0.25,0,0.00%,0.00,0,-,-
174660,Erik Röhrs,ALEMANIA,PUNTA RECEPTOR,25,201,159,13.25,148,48.84%,12.33,4,6.25%,0.33,7,5.00%,0.58
174807,Francesco Sani,ITALIA,PUNTA RECEPTOR,24,203,38,2.92,28,48.28%,2.15,6,40.00%,0.46,4,5.26%,0.31
174853,Manuel Armoa,ARGENTINA,PUNTA RECEPTOR,23,195,127,11.55,108,53.47%,9.82,8,18.18%,0.73,11,8.53%,1.00
174902,Darlan Ferreira Souza,BRASIL,OPUESTO,24,192,165,13.75,138,50.55%,11.50,10,13.33%,0.83,17,13.49%,1.42
174908,Adriano Fernandes P.X.Cavalcante,BRASIL,PUNTA RECEPTOR,24,201,100,8.33,84,44.21%,7.00,2,6.90%,0.17,14,8.28%,1.17
175219,Seppe Van Hoyweghen,BÉLGICA,ARMADOR,25,198,1,0.12,0,0.00%,0.00,1,20.00%,0.12,0,0.00%,0.00
176165,Kobe Verwimp,BÉLGICA,PUNTA RECEPTOR,21,181,0,0.00,0,-,-,0,-,-,0,0.00%,0.00
176172,Ferre Reggers,BÉLGICA,OPUESTO,23,204,268,22.33,246,49.50%,20.50,9,11.69%,0.75,13,8.18%,1.08
176222,Serhii Yevstratov,-,ARMADOR,33,190,0,0.00,0,-,-,0,0.00%,0.00,0,0.00%,0.00
176897,Yevhenii Kisiliuk,UCRANIA,PUNTA RECEPTOR,31,197,5,0.38,4,57.14%,0.31,1,33.33%,0.08,0,0.00%,0.00
177006,Mirza Lagumdzija,TURQUÍA,PUNTA RECEPTOR,25,207,70,5.38,59,44.70%,4.54,11,20.75%,0.85,0,0.00%,0.00
178341,Arthur Bento Buczmiejuk,BRASIL,PUNTA RECEPTOR,22,205,30,3.00,27,43.55%,2.70,2,18.18%,0.20,1,3.57%,0.10
178761,Shoma Tomita,JAPÓN,PUNTA RECEPTOR,29,190,38,2.71,32,50.79%,2.29,2,20.00%,0.14,4,6.25%,0.29
178762,Ran Takahashi,JAPÓN,PUNTA RECEPTOR,25,188,262,17.47,221,50.80%,14.73,17,15.45%,1.13,24,9.64%,1.60
179414,Luka Marovt,ESLOVENIA,PUNTA RECEPTOR,21,195,9,0.75,7,46.67%,0.58,0,0.00%,0.00,2,11.76%,0.17
179527,Yevhenii Boiko,UCRANIA,PUNTA RECEPTOR,21,185,0,0.00,0,-,-,0,-,-,0,0.00%,0.00
179568,Zarko Ubiparip,SERBIA,PUNTA RECEPTOR,26,195,0,0.00,0,0.00%,0.00,0,0.00%,0.00,0,-,-
179839,Denys Veletskyi,UCRANIA,CENTRAL,26,205,0,0.00,0,-,-,0,-,-,0,0.00%,0.00
179978,Michal Gierzot,-,PUNTA RECEPTOR,24,208,49,8.17,39,40.62%,6.50,7,28.00%,1.17,3,4.35%,0.50
180586,Aleksandar Nikolov,BULGARIA,PUNTA RECEPTOR,22,207,278,23.17,247,53.93%,20.58,11,18.64%,0.92,20,10.87%,1.67
180990,Tomohiro Ogawa,JAPÓN,LÍBERO,30,176,0,0.00,0,-,-,0,-,-,0,-,-
181103,Yongzhen Li,CHINA,CENTRAL,28,198,75,6.25,58,64.44%,4.83,12,15.38%,1.00,5,5.68%,0.42
181197,Mousse Gueye,FRANCIA,CENTRAL,29,198,46,3.83,31,67.39%,2.58,8,18.18%,0.67,7,10.14%,0.58
181605,Simeon Nikolov,BULGARIA,ARMADOR,19,208,58,4.83,24,42.86%,2.00,17,19.77%,1.42,17,8.50%,1.42
181806,Venislav Antov,BULGARIA,OPUESTO,22,196,8,0.67,7,63.64%,0.58,1,20.00%,0.08,0,0.00%,0.00
181809,Stoil Palev,BULGARIA,ARMADOR,23,188,1,0.08,0,-,-,0,-,-,1,6.25%,0.08
181816,Boris Nachev,BULGARIA,CENTRAL,22,206,2,0.17,1,33.33%,0.08,0,0.00%,0.00,1,50.00%,0.08
181883,Basil Dermaux,-,OPUESTO,23,198,14,3.50,12,52.17%,3.00,1,25.00%,0.25,1,9.09%,0.25
181889,Pierre Perin,-,PUNTA RECEPTOR,22,191,94,11.75,76,53.52%,9.50,6,16.22%,0.75,12,13.95%,1.50
182150,Preslav Petkov,BULGARIA,CENTRAL,22,206,7,0.58,4,57.14%,0.33,2,10.53%,0.17,1,4.00%,0.08
182291,Leonard Graven,ALEMANIA,LÍBERO,22,180,0,0.00,0,-,-,0,-,-,0,-,-
182292,Luca Porro,ITALIA,PUNTA RECEPTOR,22,193,100,7.69,83,44.62%,6.38,8,15.69%,0.62,9,7.63%,0.69
182299,Joscha Kunstmann,-,CENTRAL,23,201,3,0.75,2,33.33%,0.50,1,33.33%,0.25,0,0.00%,0.00
182322,Samuel Carazzai de Morais Neufeld,-,OPUESTO,22,203,0,-,0,-,-,0,-,-,0,-,-
182325,Nik Mujanović,ESLOVENIA,OPUESTO,21,207,277,18.47,236,49.27%,15.73,21,20.00%,1.40,20,10.81%,1.33
182409,Alessandro Alberto Bovolenta,ITALIA,OPUESTO,22,202,94,7.23,79,47.31%,6.08,9,18.75%,0.69,6,6.59%,0.46
182414,Gabriele Laurenzano,ITALIA,LÍBERO,23,176,0,0.00,0,-,-,0,-,-,0,-,-
182435,Mattia Orioli,-,PUNTA RECEPTOR,22,199,0,0.00,0,-,-,0,0.00%,0.00,0,-,-
182436,Mattia Boninfante,-,ARMADOR,22,188,1,0.25,0,-,-,0,0.00%,0.00,1,12.50%,0.25
182462,Ilshan Davoodipour,IRÁN,ARMADOR,23,189,0,0.00,0,-,-,0,-,-,0,0.00%,0.00
182466,Yousef Kazemi Poshtpari,IRÁN,CENTRAL,23,207,26,2.60,21,63.64%,2.10,4,9.76%,0.40,1,2.86%,0.10
182469,Amir Mohammad Golzadeh,-,OPUESTO,23,205,2,2.00,2,40.00%,2.00,0,-,-,0,0.00%,0.00
182470,Poriya Hossein Khanzadeh Firouzjah,IRÁN,PUNTA RECEPTOR,22,198,102,8.50,88,53.33%,7.33,3,11.54%,0.25,11,10.89%,0.92
182474,Mobin Nasri Mastanabad,IRÁN,PUNTA RECEPTOR,23,201,26,2.17,21,46.67%,1.75,4,36.36%,0.33,1,2.22%,0.08
182475,Arshia Behnezhad,IRÁN,ARMADOR,23,194,10,0.83,6,40.00%,0.50,3,6.98%,0.25,1,0.67%,0.08
182479,Hossein Haji Kalateh,IRÁN,LÍBERO,21,175,0,0.00,0,-,-,0,-,-,0,-,-
182488,Jakub Majchrzak,POLONIA,CENTRAL,22,207,16,4.00,8,66.67%,2.00,6,37.50%,1.50,2,8.00%,0.50
182717,Lucas Conde,ARGENTINA,PUNTA RECEPTOR,21,193,0,-,0,-,-,0,-,-,0,-,-
182809,Grega Okroglič,ESLOVENIA,LÍBERO,22,185,0,0.00,0,-,-,0,0.00%,0.00,0,0.00%,0.00
182812,Nejc Najdič,ESLOVENIA,ARMADOR,20,198,4,0.27,1,50.00%,0.07,1,6.67%,0.07,2,6.67%,0.13
182827,Jakdiel Contreras Acosta,-,CENTRAL,22,203,0,-,0,-,-,0,-,-,0,-,-
182851,Thiago Suarez Mendoza,CUBA,CENTRAL,21,194,19,1.58,11,50.00%,0.92,8,34.78%,0.67,0,0.00%,0.00
183138,Ethan Champlin,ESTADOS UNIDOS,PUNTA RECEPTOR,24,191,83,5.53,70,40.94%,4.67,6,18.18%,0.40,7,5.69%,0.47
183274,Cory Schoenherr,CANADÁ,CENTRAL,23,204,3,0.43,2,50.00%,0.29,1,33.33%,0.14,0,0.00%,0.00
183444,Erik Siksna,CANADÁ,PUNTA RECEPTOR,25,198,23,2.09,19,35.85%,1.73,4,25.00%,0.36,0,0.00%,0.00
183453,Jackson Young,CANADÁ,PUNTA RECEPTOR,25,195,103,8.58,85,42.93%,7.08,12,19.35%,1.00,6,4.76%,0.50
183831,Bartosz Gomułka,-,OPUESTO,24,204,42,10.50,34,47.22%,8.50,2,15.38%,0.50,6,18.18%,1.50
183849,Adrian Markiewicz,-,CENTRAL,24,213,4,1.00,3,100%,0.75,0,-,-,1,10.00%,0.25
184322,Yann Böhme,ALEMANIA,OPUESTO,29,203,125,10.42,104,46.64%,8.67,9,15.25%,0.75,12,11.54%,1.00
185275,Maksymilian Granieczny,POLONIA,LÍBERO,21,179,0,0.00,0,-,-,0,-,-,0,-,-
185708,Janž Janez Kržič,ESLOVENIA,CENTRAL,23,202,14,1.00,9,90.00%,0.64,4,16.00%,0.29,1,3.45%,0.07
185855,Pardo Mati,ITALIA,CENTRAL,20,204,62,6.89,35,62.50%,3.89,19,22.35%,2.11,8,8.51%,0.89
186071,Warre Vandecruys,BÉLGICA,OPUESTO,20,198,0,0.00,0,-,-,0,-,-,0,0.00%,0.00
186251,Amir Tizi-Oualou,FRANCIA,ARMADOR,20,197,2,0.17,0,0.00%,0.00,1,11.11%,0.08,1,2.22%,0.08
186253,Mathis Henno,FRANCIA,PUNTA RECEPTOR,21,193,189,15.75,165,45.58%,13.75,11,13.58%,0.92,13,7.47%,1.08
186258,Thomas Pujol,FRANCIA,PUNTA RECEPTOR,21,198,7,0.58,6,37.50%,0.50,0,0.00%,0.00,1,9.09%,0.08
187466,Gustavo Maciel,-,CENTRAL,24,205,0,-,0,-,-,0,-,-,0,-,-
187493,Judson Amabel Nunes da Cunha Jr,BRASIL,CENTRAL,27,204,79,6.58,60,65.93%,5.00,15,21.13%,1.25,4,4.71%,0.33
187495,Jošt Kržič,ESLOVENIA,CENTRAL,20,200,0,0.00,0,-,-,0,-,-,0,0.00%,0.00
187514,German Alfredo Gomez,ARGENTINA,OPUESTO,23,191,98,8.17,88,55.00%,7.33,5,10.00%,0.42,5,6.49%,0.42
188032,Simon Magnin,FRANCIA,CENTRAL,22,200,29,2.42,18,47.37%,1.50,9,19.15%,0.75,2,4.35%,0.17
188090,Simon Kohn,ALEMANIA,PUNTA RECEPTOR,22,188,2,0.50,0,-,-,0,-,-,2,16.67%,0.50
188320,Hilmi Şahin,TURQUÍA,ARMADOR,23,186,0,0.00,0,-,-,0,0.00%,0.00,0,0.00%,0.00
188335,Gökçen Yüksel,TURQUÍA,PUNTA RECEPTOR,22,204,106,8.15,89,48.90%,6.85,12,26.09%,0.92,5,5.95%,0.38
188500,Stefan Kokeza,SERBIA,CENTRAL,22,205,8,0.67,6,75.00%,0.50,2,25.00%,0.17,0,0.00%,0.00
188506,Vukasin Ristić,SERBIA,LÍBERO,22,190,0,0.00,0,-,-,0,-,-,0,-,-
188507,Aleksandar Sosa,SERBIA,OPUESTO,23,203,8,1.33,7,29.17%,1.17,1,33.33%,0.17,0,0.00%,0.00
188895,Andrii Chelenyak,-,CENTRAL,21,200,0,-,0,-,-,0,-,-,0,-,-
188935,Nikola Brboric,SERBIA,PUNTA RECEPTOR,20,195,19,1.58,15,42.86%,1.25,4,30.77%,0.33,0,0.00%,0.00
189032,Darian Picklyk,CANADÁ,LÍBERO,26,180,0,0.00,0,-,-,0,-,-,0,-,-
189033,Skyler Varga,CANADÁ,PUNTA RECEPTOR,23,200,78,11.14,66,37.50%,9.43,7,15.56%,1.00,5,5.75%,0.71
189039,Larry Ik Evbade-Dan,JAPÓN,CENTRAL,26,195,91,6.50,66,58.41%,4.71,22,19.13%,1.57,3,2.80%,0.21
189064,Masato Kai,JAPÓN,PUNTA RECEPTOR,22,200,23,1.64,20,64.52%,1.43,1,16.67%,0.07,2,3.45%,0.14
189134,Cole Hartke,ESTADOS UNIDOS,OPUESTO,20,211,79,5.27,61,48.41%,4.07,12,29.27%,0.80,6,11.54%,0.40
189274,Lazar Marinovic,SERBIA,PUNTA RECEPTOR,28,197,131,11.91,106,39.55%,9.64,17,24.29%,1.55,8,6.15%,0.73
189663,Henri Leon,-,OPUESTO,22,204,15,1.88,10,66.67%,1.25,2,50.00%,0.25,3,23.08%,0.38
189664,Antoine Pothron,FRANCIA,PUNTA RECEPTOR,24,198,35,8.75,32,47.76%,8.00,2,11.76%,0.50,1,2.13%,0.25
189898,Vladyslav Shchurov,UCRANIA,CENTRAL,25,208,79,6.08,57,69.51%,4.38,21,17.80%,1.62,1,0.87%,0.08
189903,Yaroslav Pampushko,UCRANIA,LÍBERO,24,180,0,0.00,0,-,-,0,-,-,0,-,-
191122,Jakub Nowak,POLONIA,CENTRAL,21,205,36,3.27,21,56.76%,1.91,9,23.08%,0.82,6,8.82%,0.55
191376,Aleksandar Stefanović,SERBIA,CENTRAL,27,200,46,3.83,34,62.96%,2.83,9,13.24%,0.75,3,3.00%,0.25
191424,Gorik Lantsoght,BÉLGICA,LÍBERO,20,186,0,0.00,0,-,-,0,-,-,0,-,-
191779,Cafer Kirkit,TURQUÍA,PUNTA RECEPTOR,25,194,5,0.38,4,36.36%,0.31,0,0.00%,0.00,1,7.69%,0.08
192041,Veljko Mašulović,SERBIA,PUNTA RECEPTOR,23,198,143,11.92,118,44.53%,9.83,15,23.08%,1.25,10,8.06%,0.83
192647,Andrew Rowan,ESTADOS UNIDOS,ARMADOR,23,201,3,0.75,1,50.00%,0.25,1,25.00%,0.25,1,6.25%,0.25
192814,Theo Mohwinkel,ALEMANIA,PUNTA RECEPTOR,23,196,11,1.10,10,32.26%,1.00,0,0.00%,0.00,1,5.26%,0.10
192835,Seyed Matin Hosseini Tolouti,IRÁN,PUNTA RECEPTOR,20,197,0,0.00,0,-,-,0,-,-,0,0.00%,0.00
192842,Emran Kook Jili,-,ARMADOR,20,187,0,0.00,0,-,-,0,-,-,0,0.00%,0.00
193117,Oleksandr Boiko,-,OPUESTO,21,201,6,1.50,5,45.45%,1.25,1,25.00%,0.25,0,0.00%,0.00
193271,Fausto Diaz,ARGENTINA,PUNTA RECEPTOR,20,190,30,3.00,21,42.00%,2.10,3,21.43%,0.30,6,15.79%,0.60
193299,Kewin Sasak,POLONIA,OPUESTO,29,208,10,1.11,9,39.13%,1.00,0,0.00%,0.00,1,7.69%,0.11
193312,Bryan Lucas Alves da Silva,BRASIL,OPUESTO,20,204,44,3.67,34,42.50%,2.83,5,20.83%,0.42,5,13.16%,0.42
194199,Mason Greves,CANADÁ,ARMADOR,23,185,0,0.00,0,-,-,0,-,-,0,0.00%,0.00
194452,Bryan Camino Martinez,-,PUNTA RECEPTOR,23,186,1,0.25,1,20.00%,0.25,0,0.00%,0.00,0,0.00%,0.00
195207,Domenico Pace,-,LÍBERO,26,180,0,0.00,0,-,-,0,-,-,0,-,-
195275,Tonkonoh Maksym,UCRANIA,OPUESTO,18,214,48,5.33,42,56.00%,4.67,6,23.08%,0.67,0,0.00%,0.00
195351,Alexis Wilson Velazquez,CUBA,CENTRAL,22,202,38,3.17,28,56.00%,2.33,9,17.65%,0.75,1,1.75%,0.08
196687,Dmytro Yanchuk,UCRANIA,PUNTA RECEPTOR,27,197,135,10.38,101,45.91%,7.77,11,22.45%,0.85,23,13.37%,1.77
196751,Denislav Bardarov,BULGARIA,PUNTA RECEPTOR,23,200,67,5.58,54,49.54%,4.50,9,29.03%,0.75,4,6.45%,0.33
198660,Vuk Kulpinac,SERBIA,PUNTA RECEPTOR,19,200,77,7.00,65,32.83%,5.91,7,14.89%,0.64,5,5.05%,0.45
198682,Zhasmin Velichkov,BULGARIA,PUNTA RECEPTOR,19,203,4,0.50,3,50.00%,0.38,0,0.00%,0.00,1,3.70%,0.12
200576,Zihua Wen,CHINA,OPUESTO,26,201,129,10.75,121,48.02%,10.08,5,9.43%,0.42,3,3.19%,0.25
200666,Daniel Guillermo Martinez Campos,CUBA,OPUESTO,21,215,18,4.50,16,55.17%,4.00,0,0.00%,0.00,2,11.76%,0.50
200746,Zachary Hollands,CANADÁ,LÍBERO,26,182,0,0.00,0,-,-,0,-,-,0,-,-
201218,Pouya Ariakhah,-,OPUESTO,20,205,9,2.25,7,70.00%,1.75,2,50.00%,0.50,0,0.00%,0.00
201232,Shayan Mehrabi,IRÁN,CENTRAL,20,204,0,0.00,0,0.00%,0.00,0,-,-,0,0.00%,0.00
201415,Ali Haghparast,IRÁN,PUNTA RECEPTOR,21,198,149,12.42,125,47.53%,10.42,10,16.67%,0.83,14,9.09%,1.17
201698,Lasse Van Genechten,BÉLGICA,CENTRAL,21,203,1,0.12,0,-,-,1,50.00%,0.12,0,0.00%,0.00
201866,Marcel Bakaj,-,ARMADOR,21,189,1,0.12,0,-,-,1,100%,0.12,0,0.00%,0.00
202582,Abdulsamet Yalçin,TURQUÍA,LÍBERO,26,191,0,0.00,0,-,-,0,-,-,0,-,-
202776,Hanlin Hu,CHINA,CENTRAL,18,205,7,0.88,5,55.56%,0.62,0,0.00%,0.00,2,16.67%,0.25
202863,Daniel Iyegbekedo,FRANCIA,CENTRAL,19,205,73,6.08,49,56.98%,4.08,23,23.71%,1.92,1,1.14%,0.08
203735,Tianyue Li,CHINA,LÍBERO,24,183,0,0.00,0,-,-,0,-,-,0,-,-
207656,Bartosz Zych,-,PUNTA RECEPTOR,20,207,6,1.50,5,83.33%,1.25,1,25.00%,0.25,0,0.00%,0.00
209863,Keigo Nishimoto,JAPÓN,CENTRAL,27,188,26,2.17,18,54.55%,1.50,7,18.42%,0.58,1,1.72%,0.08
210661,Quintin Greenidge,CANADÁ,LÍBERO,21,172,0,0.00,0,-,-,0,-,-,0,-,-
210663,Cody Hudson,-,CENTRAL,21,205,0,-,0,-,-,0,-,-,0,-,-
211065,Valentin Predan,-,ARMADOR,16,186,0,-,0,-,-,0,-,-,0,-,-
212847,Mohammadnima Bateni,IRÁN,CENTRAL,18,203,17,4.25,14,63.64%,3.50,2,15.38%,0.50,1,3.70%,0.25
213199,Cooper Robinson,ESTADOS UNIDOS,PUNTA RECEPTOR,24,202,25,2.50,19,39.58%,1.90,2,15.38%,0.20,4,12.12%,0.40
214587,Baoqi Yang,CHINA,PUNTA RECEPTOR,22,197,16,1.23,12,32.43%,0.92,0,0.00%,0.00,4,7.02%,0.31
214681,Mohsen Delavari,IRÁN,OPUESTO,24,208,13,1.62,11,37.93%,1.38,1,10.00%,0.12,1,6.67%,0.12
222297,Seyed Eisa Naseri Chenari,IRÁN,CENTRAL,25,203,44,3.67,34,64.15%,2.83,8,13.11%,0.67,2,2.27%,0.17
229281,Jakub Ciunajtis,-,LÍBERO,28,180,0,0.00,0,-,-,0,-,-,0,-,-
233618,Zhihong Xue,-,PUNTA RECEPTOR,24,195,18,2.57,15,44.12%,2.14,2,22.22%,0.29,1,4.35%,0.14
237900,Changli Wang,CHINA,CENTRAL,24,205,7,0.88,5,55.56%,0.62,1,8.33%,0.12,1,7.69%,0.12
